EmployeeID,Name,Department,JobTitle,DateOfJoining,ContactInfo,Address,EmergencyContact,HRNotes,NumberOfLeaves,LeavePeriod,Birthday
8387,Melissa Price,Marketing,Office manager,2020-12-10,862-370-4394x73018,"6844 Rodriguez Junction
North Michaelmouth, PW 11140",001-234-358-4610,Price citizen factor serious possible speak. Back offer would subject its ok.,30,2023-08-25 to 2024-01-12,1974-09-27
5308,Daniel Contreras,Marketing,"Surveyor, rural practice",2021-10-03,(245)947-2271x364,"125 Vicki Mission Suite 079
West Toddfort, ME 67946",634-620-9626,Leader particular themselves keep. Race painting prepare commercial lawyer with movement.,30,2023-10-11 to 2025-01-06,1968-12-13
9489,Victoria Palmer,Finance,Environmental manager,2023-01-31,903.499.6248x1474,"3588 Howard Mountain Apt. 784
West Pamela, KY 05409",6487767400,Remain relate especially. Data much choice mother although everybody increase.,12,2024-01-28 to 2025-04-20,1994-06-06
9126,Marcus Davis,Engineering,"Scientist, clinical (histocompatibility and immunogenetics)",2022-02-05,895-663-1886x511,"842 Jennifer Springs Suite 974
Andrewview, TN 88332",5048477318,Class the finally everybody line case sing media. Help federal upon both action better start management. Hand create up live husband.,3,2023-11-15 to 2024-08-23,1977-05-17
4113,Deanna Garcia,Marketing,Agricultural engineer,2021-10-25,310.951.0377,"7701 Jenkins Manors
East Michael, LA 92858",(840)867-5201x903,Moment ago consider push magazine. Top but today huge meeting occur. The manage enough building case receive example.,7,2024-04-16 to 2024-07-08,2002-01-16
1391,David Robinson,HR,Customer service manager,2021-10-16,693.806.8333x104,"160 Juan Land Apt. 679
Millerview, AK 39900",+1-985-322-3382,View dinner must. Away community threat good no agent.,7,2024-02-07 to 2025-04-25,1963-07-25
2340,Alejandra Hall,Sales,Armed forces training and education officer,2020-11-30,722-851-2904,"PSC 4658, Box 0097
APO AP 81803",001-883-404-8662,Place hope figure decide them crime. Hundred everyone administration series field small sense. Scene performance white high often.,15,2023-12-01 to 2024-07-23,1970-07-11
5570,Dana Flores,Engineering,Best boy,2020-11-06,480.597.0484,"61548 Robinson Skyway Apt. 756
Bowersfort, AL 11712",7127994812,Bag to return might red ask whether quite. True part risk often threat election. Kind their yourself coach nothing themselves.,11,2023-11-08 to 2024-07-14,1967-02-17
2740,Alec Morris,Sales,"Programmer, multimedia",2019-08-13,298.654.4971x252,"0649 Johnson Locks Apt. 703
Lake Cynthia, GU 20557",752.890.5368x855,Population charge sign admit. Home yet any assume. More lose government doctor book.,14,2024-04-22 to 2024-12-23,1977-01-30
7801,Taylor James,Marketing,Cytogeneticist,2023-08-06,563-662-9580,"295 Erica Radial Apt. 360
Rodriguezstad, MS 54262",001-839-961-6298x6830,Then eat finally worker necessary what news. Material build here exactly career possible amount.,12,2023-08-24 to 2024-06-05,1976-04-11
9226,Joyce Gregory,HR,Dentist,2023-09-21,(638)802-5590x969,"082 Farrell Camp
West William, NJ 08925",001-629-596-6881x353,Evening reach recognize. Try about important. Check suffer mention statement fine.,17,2024-07-10 to 2025-02-26,1978-05-07
9661,Tara Love,HR,Museum education officer,2021-07-07,(522)218-2024x547,"922 Jenkins Circles Suite 658
Mercermouth, CA 83427",(630)860-8721x794,Practice affect suggest peace town add teacher. Student upon data pick become surface. Side since take.,16,2024-01-19 to 2025-01-31,1975-05-28
7846,Tracy Baldwin,Finance,Editorial assistant,2022-08-09,+1-452-671-6887,"0494 Davis Courts Apt. 378
Saratown, MN 91691",(816)665-5178x60045,Stand check keep lead protect.,11,2023-10-16 to 2025-02-16,1966-05-20
4831,John White,Sales,"Scientist, audiological",2021-10-17,8445116917,"3809 Kristina Trail Apt. 436
North Alyssafort, NM 72837",(509)727-5291x0232,Admit develop order. New receive result player product. Data data produce in measure concern conference.,28,2023-07-26 to 2024-03-04,1972-08-16
5491,Mary Hahn,Sales,Geoscientist,2020-12-26,958.632.7770x33105,"1013 Teresa Corner
South Michelle, VT 94912",654.290.0535x2285,Necessary value bar image collection agent body. Contain support reality charge economy ready industry difficult.,23,2023-12-18 to 2024-05-30,1993-12-12
4081,Amy Alvarez,Sales,Industrial/product designer,2022-04-16,001-252-318-5276x186,"8207 Nicole Rest
East Nicholasmouth, VT 02855",(916)649-8840x11248,Executive strong whatever range.,9,2023-09-02 to 2024-12-05,1981-06-29
2088,James Brown,HR,Copy,2024-02-06,3685388830,"9930 Theresa Turnpike
Kiddville, RI 83703",+1-578-644-6090x15823,Cold father red voice. Policy much box traditional.,10,2024-01-20 to 2025-02-14,1967-12-22
3041,Tyrone Roberts,Finance,"Surveyor, rural practice",2019-11-05,+1-956-978-9021x490,"92780 Gregory Stream Suite 281
Crystalbury, PW 90034",(267)757-7622,Might price this create. Happen almost summer perform certainly finish natural. Usually past husband strategy our pattern account.,28,2023-09-03 to 2024-04-23,2001-11-05
8094,Richard Campbell,Sales,Retail merchandiser,2022-04-07,880.694.6265x8168,"233 Henderson Fall
Anthonyshire, NC 64566",599-358-4577,Remain management society build treatment. Money party send with. Deep film physical according.,26,2024-07-16 to 2025-07-08,1978-06-16
2113,Deborah Maxwell,HR,Museum/gallery curator,2024-02-29,739-272-6703,"0433 Miller Points
Derrickfurt, GU 23427",679.434.1350,Democratic who west administration star provide bill note.,13,2024-05-07 to 2025-07-11,1985-01-15
4017,Andrew Thomas,Finance,Higher education careers adviser,2022-06-24,(920)398-3302x11226,"5715 Melissa Place
East Andrewhaven, IL 11186",792-350-3368,Interesting city my certain exactly successful interest information. Tell former time cold agree among fall.,20,2024-05-12 to 2025-06-11,1975-04-16
5274,Michael Green,HR,Clinical embryologist,2020-12-31,528-462-4935x252,"84614 Brian Mountains
West Brett, TN 21025",746-953-9143,See arm thousand.,24,2024-06-05 to 2025-05-16,1986-07-26
3506,Rebecca Mullen,Marketing,Equities trader,2024-05-09,+1-330-933-9089x5043,"198 Oconnor Manors Suite 948
Lutzberg, NM 35998",001-806-742-4807x228,Part full research. Long place fly sister.,16,2023-09-04 to 2024-11-04,1979-12-31
5008,Jacob Lopez,HR,Broadcast presenter,2024-06-11,+1-768-995-0478x54731,"756 Sarah Junctions Apt. 129
Matthewton, ME 51799",834.818.7914,Treat or treat director task expect allow. Necessary account fact view any fall serious.,12,2023-08-15 to 2025-05-17,1965-02-19
6241,Joseph Brown,Engineering,"Scientist, research (maths)",2024-01-26,001-644-381-5415,"497 Erin Fields
Toddmouth, MT 86886",435.759.8451,Child once near then size red bar body. Agreement sea section ground. Offer expert agree piece law.,28,2024-01-22 to 2025-04-20,1993-08-19
3561,Joanna Thompson,Marketing,Bonds trader,2021-04-04,907.222.9954x59120,"191 Laura Club
Heatherfort, NC 01797",+1-229-266-0866x75120,Must wish drive future resource however. Case knowledge collection phone in win front. Exactly decide soldier white.,26,2023-07-28 to 2025-01-18,1982-08-06
1471,Christy Mays,HR,Child psychotherapist,2022-07-08,(664)924-9216x722,"950 Wilson Stream
Lake Casey, NM 83251",(793)960-2991x5568,Score here out standard.,0,2024-07-21 to 2024-10-24,1996-08-25
6287,Elizabeth Jenkins,Sales,Advertising copywriter,2022-12-14,+1-839-513-6430x7107,"41694 Trevor Burgs
Bennettton, DE 28366",5578084832,City floor could relate. Here store single rise financial thing. Kid early level meet.,26,2024-04-14 to 2025-03-16,1970-03-06
9727,Veronica Thompson,HR,"Surveyor, mining",2022-01-16,001-590-807-1667x069,"4179 Joshua Villages Apt. 793
South Jamestown, VI 29745",001-442-838-7871x21782,Yes high better still member white probably. Which base wish use catch structure institution owner. Action apply gun ahead free. Prepare drop ever history fill usually hit.,9,2024-07-18 to 2024-11-26,1995-07-29
3579,Travis Kim,Marketing,Immunologist,2023-12-06,(994)385-4009x0799,"5768 Solis Stravenue Apt. 305
Stokesbury, CO 56589",+1-351-314-2953x3301,Perform month reality property out factor attention. Together hit land interesting scene. Impact join staff move central why notice point.,6,2024-02-15 to 2024-02-16,1974-11-25
6718,Brittany Potts DDS,HR,Environmental health practitioner,2021-09-29,(357)651-1624,"6836 Spencer Route
Patriciamouth, SC 90311",(310)775-7482x1368,None every decision move industry knowledge. Weight ground staff. Special side a among.,16,2024-01-14 to 2025-04-08,1982-08-03
9771,Patricia Lucas,Finance,Health visitor,2019-12-19,600.519.3097x7768,"53849 White Mills
Christinaburgh, MA 89602",+1-425-345-6836x06001,Drive first important discuss clearly sound. Pressure budget piece miss before hand. Mind program move ready public skin safe.,8,2023-09-08 to 2024-05-25,1976-07-24
6542,Karl Sullivan,Finance,Town planner,2021-04-04,001-223-885-3712,"3458 Hughes Villages
Sharpside, WV 52213",551.875.8930x6518,Message business worry help.,9,2023-11-01 to 2025-07-02,1997-10-09
1678,Jessica Benton,HR,Environmental consultant,2019-08-15,668.554.2016x2500,"6291 Susan Grove Suite 962
Michaelville, IN 07411",320.840.8989,Woman pressure floor arm federal. Next reality history.,27,2024-03-30 to 2024-11-12,1968-11-20
3104,Shelly Moore,Engineering,Barista,2020-12-11,+1-674-780-0352x48072,"57170 Ward Road
Reyesberg, OH 18537",+1-485-476-6739,East note explain guess dog end let. Someone enough customer true. Sister century red TV seven.,14,2024-05-02 to 2024-11-17,1974-01-03
6897,Donna Lynn,Engineering,Fisheries officer,2022-10-02,(250)897-1224x1634,"887 Bolton Overpass Apt. 502
Stacyview, KY 39693",001-955-742-2528,Environmental improve into maintain author which pattern. She director soon appear choose focus star. Imagine adult decade benefit century site mouth.,1,2023-12-04 to 2024-08-09,1981-07-11
1806,Randall Grant,Engineering,Chief Operating Officer,2020-10-19,346.801.8865x77078,"637 Brown Junction Apt. 592
North Carolynport, TN 17826",462.449.4324,Likely specific must. Talk threat plan particular else unit risk. Election need but weight small benefit.,25,2024-04-21 to 2024-10-27,1988-06-27
6978,Jacob Collier,Engineering,Special educational needs teacher,2020-05-09,484-886-6401x487,"2588 Andrew Mountains Apt. 590
Wendymouth, NJ 38240",662-537-2937x77018,East size among top south attack. Season rule side man. Create time like push quite painting girl.,28,2024-04-04 to 2025-04-06,1996-08-26
5979,Melissa Martin,Sales,Oncologist,2021-04-19,001-442-419-8285x599,"2385 Davis Throughway
West Heidi, DE 02769",720-627-8385,Rise participant direction. Respond final health mind stage. Candidate of billion worker.,4,2024-04-30 to 2024-10-04,1970-04-21
4749,Reginald Bright,HR,Heritage manager,2020-09-04,(853)817-6765x8791,"5866 Jeffrey Shoals
East Alexandermouth, HI 39587",+1-398-778-2476x73150,Themselves yes baby growth dream Mrs education where. Less Mr economy hear catch house myself.,28,2023-11-22 to 2025-03-19,1967-11-03
4721,Joshua Beasley,Engineering,Electronics engineer,2024-07-16,8648504485,"82766 Christopher Lodge Suite 933
New Kristinland, AZ 09304",329-321-2855x9470,Instead party player you within. City man student father. Animal ground will hear.,30,2024-04-12 to 2025-05-16,1996-02-08
3647,Eric Howard,Engineering,Data scientist,2023-12-06,490-589-8546,"PSC 8650, Box 8915
APO AP 06366",+1-486-699-1465,Rate deal college too. Continue new yet person concern.,25,2023-12-29 to 2024-04-23,1984-08-28
4665,Danielle Ford,Marketing,Consulting civil engineer,2023-05-21,(870)619-0443x5161,"4490 Krueger Points
Orozcoborough, AR 73369",001-405-412-2401,Million form well student million dark. Social son stock fall. List hit arm maintain like trade.,9,2023-09-14 to 2025-06-13,1968-08-04
2223,Laura Torres,HR,"Pharmacist, hospital",2021-04-18,+1-485-970-4817x197,"780 Kelly Inlet Suite 603
New Davidland, NC 20632",735-830-6985,Various mean would easy research specific relationship.,24,2024-01-02 to 2024-02-11,1999-09-07
4112,Nathan Munoz,Finance,"Designer, jewellery",2021-03-18,001-401-752-0615x75978,"23608 Abigail Lights Apt. 176
Lake Michael, IL 17447",694.641.4266x5266,Cover central leader east work. Care forget else hand take interesting sport. Range moment thus former standard for community.,22,2024-01-04 to 2025-02-23,1987-03-21
8443,Mason Thompson,Engineering,Volunteer coordinator,2021-07-15,6978095113,"5080 Ayers Shoal Apt. 837
Port Elizabethville, CT 82689",001-415-733-3407x2206,Either boy difference us fear indeed number. Ground draw challenge story must get green.,25,2024-02-26 to 2024-10-17,1968-11-04
3977,Marc Martinez MD,HR,Diagnostic radiographer,2022-08-19,603-377-5786x399,"USNV Johnson
FPO AA 17340",+1-604-430-6941,System building simply about for character. Different research prevent news speak staff.,19,2024-06-16 to 2024-09-04,1978-01-09
9256,Steve Crawford,HR,Art therapist,2023-07-13,(947)960-3691,"67073 Cesar Forge
Jonesmouth, IN 40714",656.361.0854,Form usually allow. Change financial enter opportunity. Nation early really give generation.,21,2024-02-14 to 2024-09-09,1977-01-20
3765,Adam Nixon,Marketing,"Doctor, general practice",2021-02-11,(630)768-2901x6433,"PSC 9311, Box 8358
APO AA 54280",623-500-2650,Open behavior someone relate born piece. Space girl study product me.,19,2024-04-13 to 2024-06-01,1992-12-15
6119,Robert Jenkins,Sales,"Psychologist, clinical",2021-08-02,+1-665-701-0259,"8075 Courtney Ford
Lake Marcus, RI 02510",366-296-8134x8383,Recognize eight figure building break dog. Use bar industry interview bit.,8,2023-11-15 to 2024-05-20,1978-02-03
7487,Cole Heath,Sales,Transport planner,2023-10-08,001-680-540-8444x265,"USS Ramos
FPO AP 30922",+1-409-617-6357x47389,Until third finally small them only save. Any exactly individual small them there city.,20,2024-06-21 to 2024-10-19,1964-01-06
5480,Jordan White,Sales,Bonds trader,2019-12-15,+1-959-933-8802x28686,"1551 Melissa Rest Apt. 603
Rubioborough, MP 72681",+1-765-508-0436x23195,Only establish agent reveal middle once report. Million American seem question. Or yard wait five most.,24,2023-10-29 to 2025-05-20,1975-10-17
5751,Sandra Cherry,Sales,Armed forces operational officer,2019-11-24,8286769435,"USS Baker
FPO AA 68795",(598)540-9249,Sit thank them college value mouth government. Computer both account make production respond star.,5,2024-07-18 to 2024-09-07,1973-09-25
9417,Donald Mueller,HR,Politician's assistant,2019-08-18,7725250612,"234 Hannah River
West Andrew, MD 42260",(220)487-4931,Behavior rule oil skin under support your. Series business quite there action head yourself leader.,26,2023-09-12 to 2024-07-26,1974-11-14
5415,Jason Yates,HR,Mining engineer,2020-02-05,(551)908-4780x538,"004 Nathan Well Apt. 333
West Jorgeville, MT 16863",3795542539,Issue nothing prove pick treat institution. Upon marriage manager wrong nor trade. Gun least scientist source newspaper.,2,2024-04-21 to 2024-07-07,1994-11-26
7880,Christopher Hernandez,Marketing,Jewellery designer,2022-04-14,(753)685-9337,"43367 Patricia Street
Christophershire, MS 89550",001-541-445-7288x76989,Change identify really resource once edge. Somebody none top painting. Blood be bring threat high life.,2,2023-10-11 to 2024-03-05,1986-10-07
1133,Christopher Kim,Marketing,Technical sales engineer,2022-02-16,(637)739-7154x2840,"57323 Andrea Parkways Suite 326
East Jenniferbury, IL 31110",+1-627-836-3251x56326,Set will base meeting town. Sometimes identify doctor similar.,27,2023-09-28 to 2025-02-25,1970-10-06
3925,Karen Davila,Sales,Civil Service fast streamer,2022-11-01,316.230.5874x6332,"10530 Walker Common Apt. 425
Ronaldtown, WY 48204",(897)584-5600x47008,Nation better easy government. Who care particular road magazine discussion subject federal. Prevent risk foot very of write. Alone town six yeah offer benefit.,0,2023-08-03 to 2023-12-25,1970-02-19
8487,Melissa Jackson,Engineering,Clinical biochemist,2020-04-09,2963375324,"3464 Renee Shoals Suite 310
Markbury, PA 84106",(749)831-7313x1611,Mention think six ability several. Quickly happen budget maybe. Individual perhaps approach public information local color.,13,2023-09-23 to 2024-06-18,1982-01-28
7359,Mckenzie Bowen,Engineering,"Horticulturist, amenity",2022-09-14,+1-835-833-2763,"2260 Laura Crest Apt. 276
Lake Lauraland, AK 85848",384.978.8304x25045,Father maybe raise upon part have town. Future girl appear after big.,25,2023-08-16 to 2024-12-04,2000-11-12
5719,Gary Wang,HR,Hotel manager,2022-01-22,(639)948-2263x99309,"841 Gonzalez Ports
North Bryan, FM 09190",001-693-481-9470x7195,See finish he I. Ahead step on figure word huge when already.,30,2024-06-10 to 2025-06-30,1980-07-31
3036,Kyle Parker,Marketing,Passenger transport manager,2020-08-09,+1-833-478-7392x6563,"5586 Baker Wall Suite 599
West Jeffrey, PR 60884",965-400-2863x064,Nearly partner current ago charge respond. Education give development whatever.,25,2024-05-06 to 2024-05-26,1973-01-04
2921,Mark Payne,HR,Dispensing optician,2022-07-11,001-568-984-6620x762,"6346 Jason Fords
Lake Davidview, PA 05372",(941)979-5179x28227,Catch future activity arrive just western professor. Example although to yeah stop individual.,2,2024-07-19 to 2024-07-21,1970-09-17
7028,Anthony Moran,Marketing,Hydrogeologist,2023-04-12,202.970.0746x343,"USNS Myers
FPO AP 73967",659.894.4819x125,Yet child live cup wish either church. Great exactly loss whole.,17,2024-05-17 to 2024-09-19,2000-06-05
8353,Timothy Lee,Engineering,Oceanographer,2020-08-31,001-512-986-1760,"014 Evans Forges Suite 232
Debramouth, VA 30728",001-910-983-9761x3786,Lot image anything science. Even yourself think tree cell writer.,15,2023-11-26 to 2025-01-03,1982-03-30
3440,Jacob Watson,HR,Child psychotherapist,2022-03-22,681.895.1280,"684 Kathleen Walk Apt. 463
North James, TN 76326",001-285-460-9741x93094,Pressure cup total resource book. Difference space edge record.,26,2023-10-18 to 2023-10-31,1996-11-28
9315,Daniel Williams,Engineering,Broadcast journalist,2023-04-21,+1-319-371-3308x107,"73418 Wilson Isle
Blaketown, NJ 40618",001-206-758-6537x518,Pick usually television argue theory. Theory sister plan detail somebody.,20,2024-06-02 to 2024-07-17,1970-05-14
7790,Kevin Lopez,Engineering,"Pharmacist, community",2021-03-23,255-306-7048x3885,"09262 Patterson Vista
Brockbury, AR 41557",322-877-0347x2031,Military over campaign market figure. Student job project attack economy development.,24,2023-08-24 to 2024-03-10,1967-07-05
8128,Taylor Perry,Sales,"Programme researcher, broadcasting/film/video",2024-04-14,(271)211-0170x228,"9271 Amanda Springs
Stuartport, NC 44199",552.442.9354x67019,Protect race attack remember wear. Surface paper role of for report company. Director field official leave maintain clear.,21,2023-11-17 to 2025-01-05,1978-11-22
9461,Bobby Allen Jr.,HR,Set designer,2020-08-15,634.262.3722,"782 Lam Fall Suite 014
Shawnmouth, GU 33392",(973)671-9956x9265,Key want difference matter our record. Strong experience word evidence no area seek sure. A yes enough less role course daughter.,10,2023-09-06 to 2025-01-14,1987-07-30
4525,Kathryn King,Sales,"Scientist, research (physical sciences)",2021-06-18,001-671-711-3633,"Unit 0910 Box 5266
DPO AE 31470",448.212.1749,Season send bank establish manage. Off discuss but several treat girl. Manage door save manager now force.,12,2023-11-01 to 2025-03-10,1992-12-27
3145,Susan Reese,Marketing,Graphic designer,2020-05-11,702.968.1979x2567,"7394 Stacy Extension
Ianbury, ND 50613",(977)789-0863x9072,Court benefit people number cultural religious later. Ten contain improve west.,14,2023-10-10 to 2023-10-28,1967-11-27
2828,Danny Raymond,Finance,Passenger transport manager,2023-08-26,+1-610-248-8930x2554,"Unit 8237 Box 6267
DPO AE 33998",001-504-229-9213x33959,Road us author admit. Particularly television be box government put.,6,2024-06-23 to 2025-01-06,1990-07-20
3796,Jenna Huang,Marketing,Facilities manager,2023-09-17,001-364-978-1358x9850,"1417 Powers Turnpike
Port Andrea, RI 71898",918.312.5390,Suffer contain truth worry. Identify against pass evidence. Mind oil write certain increase interesting tree any.,17,2024-02-22 to 2024-12-13,1999-11-04
8816,Morgan Vasquez,Sales,"Psychotherapist, child",2023-08-17,001-374-872-7447x499,"04724 Johnson Parkway Apt. 741
Justinchester, ND 14827",283-653-1930,Ahead exist short business across. Value minute TV skill alone many ready.,17,2023-12-13 to 2025-03-14,1971-03-10
6484,Lisa Adkins,Sales,"Surveyor, building control",2022-04-27,+1-542-730-3172x809,"813 Chang Bypass Suite 422
Hernandezland, NV 54104",751-697-0251,Once guess wish forget company.,22,2024-02-04 to 2024-08-04,1997-06-17
3428,John Vincent,Finance,Fashion designer,2019-08-08,001-887-830-4418x7676,"596 Diaz Spurs Apt. 668
New Michele, HI 76312",856-654-9163,Yeah father who baby vote ball. Past there ball once without.,14,2024-04-08 to 2025-02-16,1986-01-27
6525,Ryan Graham,Finance,Advertising account executive,2023-06-18,392.669.6993x22509,"1411 Kim Vista Suite 855
East Kelsey, NJ 60444",679-446-7076x00150,Study report authority sometimes. Student speak early sister pay discover environment.,14,2023-09-05 to 2025-04-28,1964-06-05
5037,John Rodriguez,Marketing,Clinical cytogeneticist,2023-02-25,(345)870-3995,"6511 Keith Harbors Suite 606
North Josephport, NH 65639",677-424-5168,Mission trip present break politics provide. Effort board provide.,18,2024-04-25 to 2025-03-26,2002-01-23
5374,Mark Ortega,Engineering,"Scientist, clinical (histocompatibility and immunogenetics)",2022-07-08,+1-449-490-3747x1807,"557 Chapman Inlet Suite 310
East Christineport, IL 86995",(394)943-6961,Prove fight good old. Green body term community good lay.,24,2024-05-04 to 2025-05-08,1985-06-06
1145,Jessica Edwards,Finance,Industrial buyer,2024-01-28,001-750-872-4569x3768,"14798 Strong Circle Suite 762
Port Randy, OK 94673",+1-321-985-0772x68106,Song shake perhaps home include push peace. Business piece treatment. Side time compare minute. Set Mrs actually anyone computer worker.,29,2024-04-13 to 2025-02-10,2000-06-03
9904,Michelle Lynch,Engineering,Bookseller,2023-07-27,+1-266-374-0815x64922,"553 Anthony Stravenue
Lake Amber, OK 27323",860-205-8497x36217,Morning recent practice herself benefit make six. Media key stock best finish various race seat.,17,2023-10-29 to 2023-11-08,1970-07-29
5372,Vanessa Miller,Sales,"Engineer, technical sales",2020-10-11,+1-921-404-2877,"2156 William Stream
West Stephaniestad, LA 66531",+1-930-293-6534,Dark cultural school onto spring run. Week another measure plan goal sign. Price military goal be concern believe. His government community night special bill.,23,2023-12-05 to 2024-12-06,1979-11-17
1839,Jose Hampton,Finance,"Psychologist, occupational",2019-09-02,+1-713-430-5587x331,"45798 Howard Hill
New Tyler, MD 38326",+1-532-952-5340,Feeling room hold mother offer wall.,10,2023-12-20 to 2024-01-27,1975-09-24
2698,Gabrielle Sanchez,HR,Materials engineer,2024-03-07,292-464-4158,"236 Robin Shore
East Melissatown, MS 22424",(578)608-7761x84387,Small policy worry find job main bring. Enough old concern. Environment foreign level worry religious political left.,16,2024-02-11 to 2025-06-01,1988-10-19
7095,Jacob Lewis,Sales,Chemical engineer,2020-12-21,001-574-484-1115x4738,"305 Mandy Bypass
East Kenneth, NC 43366",986-617-5203x8671,Husband rich type pass. Carry anything rich benefit.,14,2023-11-13 to 2024-03-13,1974-04-07
1784,Kyle Phillips,Marketing,Hospital doctor,2023-08-11,+1-643-423-6422,"4970 Michael Burgs Suite 419
New Gregory, MN 39681",476-982-5970x7393,Lose property trial international senior wrong. Officer design minute. Test black article suffer.,8,2023-09-25 to 2024-06-21,1966-03-30
5600,Kenneth Bishop,Marketing,Volunteer coordinator,2021-02-01,848.878.0366,"638 Timothy Lock Suite 288
Williamsonton, SD 98420",+1-934-916-4296x6338,Foot school share general. Success behind during actually break entire would. History free true hot especially throw check. Hot conference million road despite.,27,2024-01-17 to 2025-01-17,1977-07-12
2037,Michael Mendez,Marketing,Health physicist,2020-06-28,836-595-5019,"PSC 9948, Box 9828
APO AE 36308",001-302-944-2869x291,Day mouth than us author election. Far dinner consumer again any. Material mother now best hundred. Quite action art.,5,2023-08-19 to 2024-04-21,1974-07-31
9629,Kristine Mason,Marketing,Futures trader,2024-06-24,586.963.9030,"220 Harvey Cliffs
Lake Jenniferbury, AS 42353",896-300-6115x82898,Eye happen half raise throw no sure. Fight yard left push whether thing history bit. Consider social then hard poor.,27,2023-09-25 to 2025-03-15,1971-12-16
6735,Angela Maxwell,Engineering,Aid worker,2023-08-11,449.714.1116x6672,"022 Mary Spring
Webbmouth, IA 69850",(776)817-7553,Investment although you partner. About reality soldier year feel feel. Ball claim view heart.,8,2023-11-30 to 2024-07-04,1973-07-09
4269,Sharon Castro,Engineering,"Editor, commissioning",2020-11-15,4389027492,"7367 Clifford Motorway
Lake Tommy, NJ 99775",+1-548-645-5011,Break fast truth tend century official. Boy miss senior mouth about quite.,17,2023-09-11 to 2025-06-04,1989-11-19
5460,Keith Miller,Engineering,"Surveyor, land/geomatics",2021-10-17,340.580.9770x42846,"3651 Stephanie Islands
Andrewshire, NC 88594",498.858.9301,Trip class ground few have leave. Difficult describe she strategy. People watch floor.,11,2024-04-12 to 2024-08-11,1975-03-28
1514,Kathleen Williams,Finance,"Teacher, English as a foreign language",2023-05-04,368-953-8876,"60473 Walsh Freeway
South Davidport, WY 03944",001-200-437-6651x7058,Yard newspaper woman walk development same what. Recognize drive the day edge conference. Appear toward while process.,23,2024-04-09 to 2024-05-04,1972-07-30
4384,Heather Miller,Marketing,Research scientist (maths),2020-07-03,+1-972-892-6921x985,"024 Lynch Pass Suite 729
Port Deborahview, PA 97468",(859)994-1277x0839,Challenge know prepare follow thus her. Alone camera final accept direction officer. Case back wide whatever action service. Clearly discussion major act economic set.,16,2023-08-31 to 2024-02-20,1968-12-10
3235,Holly Stanton,Engineering,Product designer,2021-09-20,001-391-570-7648x47977,"427 Kelly Mountains
East Kylebury, AR 80763",428-882-2020x0093,Still prepare level budget detail official meet guess. Control only conference writer help own president approach. Loss cup condition game be charge.,8,2024-02-17 to 2024-08-22,1967-01-30
6963,Thomas Bender,Sales,Animal nutritionist,2022-11-12,736-863-0357x90425,"53741 Austin Orchard
New Josephview, GU 40307",+1-227-226-9587x9031,Relate former phone phone television art perform. Member woman quickly eat coach.,6,2023-12-29 to 2025-04-26,1997-05-24
4470,Ms. Sandra Hanson,HR,Chief Operating Officer,2022-05-28,572.222.4256,"852 Sandy Ridges
New Heather, MP 89084",(929)278-9066x144,Role million style likely art.,10,2024-07-04 to 2024-11-22,1974-08-02
1885,Heather Sanders,Engineering,Sales promotion account executive,2022-03-14,(566)276-4758x417,"01964 Amanda Flat
Danaview, TN 06714",001-203-658-2236x079,Commercial choice represent. Condition force television trip.,23,2023-11-01 to 2025-07-11,1970-03-27
5098,Thomas Roberts,HR,Chief Strategy Officer,2020-06-08,606.201.1425x9533,"751 Martinez Pines Apt. 255
Lake Danahaven, MD 46815",439-690-4572,Business body order need out produce. Half else house. Control here suddenly ability.,5,2023-07-28 to 2025-03-26,1983-11-01
